Ef,ep
0.38541456266465,0.05893
0.61458543733535,0.94107
