Ef,ep
0.00628507604237562,0
0.12032830547159,0
0.867759513251621,1
0.00562710523441262,0
