Ef,ep
0.376204703952268,0.05221
0.613458100432096,0.94779
0.0103371956156353,0
