Ef,ep
0.089478254172204,0
0.561764670239381,0.98909
0.0446862513262961,0
0.304070824262119,0.01091
